dataset,issue,observed_evidence,severity,affected_rows,recommended_handling_stage
olist_geolocation_dataset.csv,Severe ZIP prefix duplication & coordinate noise,"19,015 unique zip prefixes across 1,000,163 rows (mean 52.6 rows/zip, max 1146). 29 lat and 37 lng rows outside Brazil bounds.",CRITICAL,1000163,"Module 3: Pre-aggregate to mean centroid per prefix; filter lat [-35, 6], lng [-75, -33] before any join."
olist_order_reviews_dataset.csv,Duplicate review_id entries & multiple reviews per order,814 duplicate review_ids observed; 547 orders have >1 review record.,CRITICAL,814,"Module 3: Deduplicate by (review_id, order_id); aggregate to latest review timestamp per order_id."
olist_order_items_dataset.csv,Multi-item orders spanning multiple rows,"9,803 orders (9.94%) contain multiple items (up to 21 items).",CRITICAL,13984,"Module 2: Pre-aggregate to order grain (sum price, sum freight, count items) before merging to orders."
olist_order_payments_dataset.csv,Multi-payment orders spanning multiple rows & split tenders,"2,961 orders (2.98%) have multiple payment records (up to 29).",CRITICAL,4446,"Module 2: Pre-aggregate payments (sum payment_value, max installments, dominant type) per order_id."
olist_orders_dataset.csv,Non-delivered orders and conditional timestamp missingness,"2,963 orders are not delivered (shipped, canceled, unavailable); 2,965 null delivery dates.",REVIEW,2965,Module 3/5: Strictly filter for order_status == 'delivered' when calculating delivery duration/delay metrics.
olist_order_reviews_dataset.csv,High missingness in qualitative review text,"87,656 reviews (88.3%) missing title; 58,247 (58.7%) missing message.",INFO,58247,Module 7/17: Treat review_score (1-5) as primary ground truth; treat text fields as secondary sparse subsets.
olist_products_dataset.csv,Missing product category names and physical dimensions,610 products (1.85%) missing category; 2 missing dimensions/weights.,REVIEW,610,Module 3: Impute missing category as 'unknown' or 'outros'; do not drop order rows with missing product category.
product_category_name_translation.csv,Gaps in Portuguese-to-English translation mapping,"2 categories present in products table are absent from translation table: {'pc_gamer', 'portateis_cozinha_e_preparadores_de_alimentos'}.",REVIEW,2,"Module 3: Add explicit fallback mapping for unmapped Portuguese categories (e.g. 'pc_gamer', 'portateis_cozinha_e_preparadores_de_alimentos')."
olist_customers_dataset.csv,Dual customer identifier semantics (order token vs individual),"customer_id has 99,441 unique values, but customer_unique_id has 96,096 unique people (2,997 repeat customers).",CRITICAL,3345,Module 4/5: Never count customer_id as people; strictly use customer_unique_id for retention/repeat analysis.
