dominant_category,order_count,total_gmv,mean_item_price,mean_freight,freight_share_pct,mean_review_score,low_review_rate,eligible_deliveries,late_delivery_rate,mean_delivery_days,low_review_rate_pct,late_delivery_rate_pct,gmv_share_pct
bed_bath_table,9350,1249303.58,111.56729304812835,22.048063101604278,19.898226951871656,3.978155077322375,0.1639572192513369,9206,0.08787747121442535,13.012642841625027,16.395721925133692,8.787747121442536,7.88524872593542
health_beauty,8802,1442304.33,143.0988673028857,20.762110883890024,19.382848000454445,4.183930410896188,0.1250852079072938,8614,0.08995937318630298,12.098271619268717,12.50852079072938,8.995937318630299,9.103414544400522
sports_leisure,7682,1155900.55,128.5590223900026,21.909677167404325,19.875171530851343,4.1740269951513564,0.12770111950013016,7491,0.07781633742658833,12.257817672183663,12.770111950013016,7.781633742658833,7.295715377038743
computers_accessories,6671,1060955.93,136.8899955029231,22.1500179883076,20.54715020236846,4.026843613331323,0.15964622995053215,6512,0.07724201474201475,13.184480958230958,15.964622995053215,7.724201474201475,6.696451950698908
furniture_decor,6332,899725.68,114.93418667087808,27.157676879343022,22.370905764371447,4.027857370264247,0.1609286165508528,6190,0.08610662358642973,13.137584814216478,16.09286165508528,8.610662358642973,5.678812488403643
housewares,5821,777678.89,108.52624978526028,25.07259749183989,24.25640286892287,4.151903114186851,0.12850025768768253,5680,0.07024647887323943,11.108137323943662,12.850025768768253,7.024647887323942,4.908487876549087
watches_gifts,5606,1306537.36,215.07775240813413,17.9827827327863,12.782350445950767,4.0672782874617734,0.15019621833749555,5475,0.08547945205479457,12.823265753424659,15.019621833749556,8.547945205479458,8.246492060262108
telephony,4179,394349.56,77.36532424024887,16.99925101698971,30.104845632926537,4.010125361620058,0.15171093563053362,4073,0.085440707095507,12.966825435796709,15.171093563053361,8.544070709550699,2.489022216332073
auto,3879,685521.51,152.86127610208817,23.86507347254447,21.26596924465068,4.096138896087069,0.1425625161124001,3791,0.08652070693748348,12.346172513848588,14.256251611240009,8.652070693748348,4.326816716020957
toys,3871,562778.51,125.26712994058383,20.116106949108758,18.724426918109014,4.190984887962481,0.1250322913975717,3788,0.07548165742940094,11.745806281340723,12.503229139757169,7.548165742940094,3.552097824742753
cool_stuff,3601,719227.94,176.36032213274092,23.369736184393222,15.804911246875868,4.183015695067264,0.12024437656206609,3528,0.06859410430838997,12.396082766439909,12.024437656206608,6.859410430838997,4.539562111510284
garden_tools,3476,582502.83,139.28496260069045,28.293527042577676,22.7384499712313,4.1493487698986975,0.13003452243958574,3407,0.08042265923099501,13.675565013208102,13.003452243958574,8.042265923099501,3.676592120316566
perfumery,3146,452585.08,126.68173871582962,17.1787444373808,17.73514561347743,4.208359923420549,0.13127781309599493,3070,0.07421875,11.923385416666667,13.127781309599493,7.421875,2.8565882485083254
baby,2833,480211.84,145.36257677373808,24.143896929050477,20.19052929756442,4.055179779280883,0.153900458877515,2757,0.09285455204932902,12.730243017772942,15.3900458877515,9.285455204932902,3.03096049683865
electronics,2536,207251.47,63.316849369085176,18.40691640378549,36.09363947160883,4.100119189511323,0.13801261829652997,2503,0.09868158210147826,12.94612864562525,13.801261829652997,9.868158210147826,1.3081123082715755
stationery,2290,277461.65,100.77886462882097,20.383427947598253,20.9128435371179,4.255496921723835,0.11048034934497816,2243,0.07802050824788231,12.812447614801604,11.048034934497815,7.802050824788232,1.7512589871538187
fashion_bags_accessories,1855,184291.38,82.3813692722372,16.967083557951483,22.795491698113207,4.190140845070423,0.11482479784366577,1811,0.06622516556291391,11.235700883002208,11.482479784366577,6.622516556291391,1.1631947531486946
pet_shop,1703,254025.2,125.86327069876688,23.300088079859073,20.3420728126835,4.243801652892562,0.11391661773341162,1681,0.06246281975014867,11.3824747174301,11.391661773341163,6.246281975014867,1.6033347832521945
unknown,1410,205319.66,126.07051773049645,19.546262411347517,20.268584539007094,3.9442458899213726,0.18936170212765957,1353,0.09016999260901704,12.775254988913524,18.93617021276596,9.016999260901704,1.2959192732197995
office_furniture,1270,343435.13,216.3672125984252,54.05414960629921,20.020233858267716,3.6206349206349207,0.22440944881889763,1251,0.0919264588329336,20.667474020783374,22.440944881889763,9.192645883293359,2.1676648211269556
consoles_games,1057,177355.68,149.07975402081362,18.711807000946074,22.777856859035005,4.0687679083094554,0.14096499526963102,1013,0.08193484698914122,13.80609081934847,14.096499526963102,8.193484698914123,1.1194185882004837
luggage_accessories,1029,171163.21,136.68273080660836,29.656637512147718,19.466611078717204,4.331707317073171,0.0913508260447036,1014,0.05424063116370814,10.868767258382643,9.13508260447036,5.424063116370814,1.0803334795370687
home_appliances,764,94990.43000000001,104.93655759162303,19.396465968586387,25.130592277486908,4.1563731931668855,0.1243455497382199,747,0.06693440428380193,11.311459170013388,12.43455497382199,6.6934404283801925,0.5995525660252713
construction_tools_construction,739,165683.47,196.1392557510149,28.06029769959405,19.747775507442487,4.102179836512262,0.13937753721244925,727,0.09215955983493807,10.867991746905089,13.937753721244924,9.215955983493807,1.0457469198367777
small_appliances,628,206463.07,303.0724044585987,25.69044585987261,17.438400318471338,4.176848874598071,0.13694267515923567,607,0.06260296540362442,10.999588138385503,13.694267515923567,6.260296540362442,1.3031361517992412
musical_instruments,624,210099.18,306.8640224358974,29.833381410256408,17.067430288461537,4.1877022653721685,0.1282051282051282,607,0.08896210873146626,13.10515650741351,12.82051282051282,8.896210873146625,1.3260862435174294
books_general_interest,509,56076.2,92.082278978389,18.087072691552063,23.576797445972492,4.46930693069307,0.08055009823182711,492,0.06910569105691056,11.542662601626017,8.055009823182711,6.910569105691056,0.35393701873911204
home_construction,477,97106.81,174.39062893081763,29.187589098532495,17.759944444444447,4.014767932489452,0.16142557651991615,470,0.08085106382978724,13.492744680851064,16.142557651991616,8.085106382978724,0.6129105544003587
food,444,36251.6,65.46094594594595,16.1868018018018,23.479861486486485,4.280182232346242,0.11261261261261261,435,0.10114942528735638,9.813770114942528,11.26126126126126,10.114942528735638,0.2288097843385036
furniture_living_room,416,87630.84,166.79858173076926,43.85247596153847,22.769763461538464,4.036496350364963,0.1466346153846154,408,0.08578431372549022,13.959142156862745,14.663461538461538,8.578431372549023,0.5531009280087475
home_confort,359,63891.99,155.38637883008357,22.58573816155989,15.877249582172702,3.9047619047619047,0.18384401114206128,354,0.10734463276836159,13.73223163841808,18.384401114206128,10.73446327683616,0.4032680613506115
audio,346,55772.03,144.7962716763006,16.39456647398844,20.498956069364162,3.8425655976676385,0.2138728323699422,344,0.1308139534883721,13.466046511627907,21.38728323699422,13.08139534883721,0.3520171842462278
drinks,291,28057.81,77.07670103092784,19.341890034364262,25.357579381443298,4.172413793103448,0.11683848797250859,281,0.06761565836298933,10.405587188612099,11.683848797250858,6.761565836298933,0.1770929132813644
market_place,274,33411.47,102.19222627737227,19.747445255474453,22.204828467153284,4.0661764705882355,0.12408759124087591,268,0.04850746268656714,12.419179104477612,12.408759124087592,4.850746268656714,0.2108836918958717
books_technical,258,23372.41,74.04662790697674,16.544108527131783,23.6730984496124,4.396078431372549,0.10077519379844961,254,0.11023622047244097,10.669803149606299,10.077519379844961,11.023622047244096,0.14752000164326773
air_conditioning,252,61787.01,218.3256349206349,26.860912698412697,16.21563968253968,4.032258064516129,0.1626984126984127,245,0.04081632653061229,11.90942857142857,16.26984126984127,4.081632653061229,0.3899820265318211
kitchen_dining_laundry_garden_furniture,244,58215.49,189.49479508196723,49.09327868852459,23.984084016393442,4.06198347107438,0.13114754098360656,237,0.04641350210970463,11.936540084388186,13.114754098360656,4.641350210970463,0.3674396085154948
fashion_shoes,238,28382.69,98.71415966386554,20.540840336134455,20.811218487394957,4.217948717948718,0.12184873949579832,233,0.06437768240343344,15.739313304721032,12.184873949579831,6.4377682403433445,0.17914346340152165
home_appliances_2,234,123960.92,484.442905982906,45.30461538461539,14.575178205128205,4.133620689655173,0.1282051282051282,227,0.07048458149779735,13.892555066079296,12.82051282051282,7.048458149779735,0.7824060557769174
industry_commerce_and_business,232,47170.92,169.6530603448276,33.66987068965517,19.700481034482756,4.21304347826087,0.10344827586206896,228,0.08333333333333337,10.917587719298245,10.344827586206897,8.333333333333337,0.29772942524602514
construction_tools_lights,231,47304.89,173.65987012987014,31.123203463203463,17.69027445887446,4.192982456140351,0.09523809523809523,229,0.09170305676855894,9.745021834061136,9.523809523809524,9.170305676855895,0.29857500576682505
food_drink,224,19616.67,67.45611607142857,20.118303571428573,29.28187857142857,4.381165919282512,0.05803571428571429,218,0.06422018348623848,10.879128440366973,5.803571428571429,6.422018348623848,0.12381483940404267
fixed_telephony,217,64322.21,274.9423041474654,21.473410138248852,24.513678801843316,3.9018691588785046,0.18433179723502305,212,0.05188679245283023,12.534150943396225,18.433179723502306,5.188679245283023,0.40598348757781555
art,199,28185.2,121.32663316582915,20.30753768844221,19.916514572864322,4.035532994923858,0.15577889447236182,192,0.078125,11.31015625,15.577889447236181,7.8125,0.17789696271440686
costruction_tools_garden,191,31792.510000000002,137.56460732984294,28.888324607329842,26.401324083769634,4.225130890052356,0.13089005235602094,187,0.06951871657754005,11.93053475935829,13.089005235602095,6.951871657754005,0.20066527702721315
agro_industry_and_commerce,182,78374.07,398.51906593406596,32.10769230769231,16.145546703296706,4.021978021978022,0.14835164835164835,177,0.05084745762711862,11.43231638418079,14.835164835164836,5.0847457627118615,0.494674829646989
computers,181,232937.59,1232.2703314917126,54.67767955801105,5.13162044198895,4.174157303370786,0.1270718232044199,177,0.07344632768361581,13.910056497175141,12.70718232044199,7.344632768361581,1.4702357891025712
construction_tools_safety,162,44110.46,248.4624074074074,23.824382716049385,16.162795061728396,3.888198757763975,0.19135802469135801,154,0.045454545454545414,11.725064935064935,19.1358024691358,4.545454545454541,0.27841267253506574
signaling_and_security,139,27919.829999999998,154.19661870503595,46.66546762589928,24.906504316546762,4.131386861313868,0.1079136690647482,137,0.058394160583941646,10.877664233576642,10.79136690647482,5.839416058394164,0.17622202278155122
christmas_supplies,128,12051.41,68.88140625,25.270234375,33.75446015625,4.055555555555555,0.125,125,0.09599999999999997,15.375200000000001,12.5,9.599999999999998,0.07606507086790336
fashion_underwear_beach,121,11457.74,78.85578512396694,15.836280991735538,21.853147933884298,3.933333333333333,0.18181818181818182,117,0.1282051282051282,14.002735042735042,18.181818181818183,12.82051282051282,0.07231799474800137
fashion_male_clothing,112,13015.23,96.85464285714286,19.352767857142855,20.301746428571427,3.7027027027027026,0.25892857142857145,106,0.047169811320754707,12.859150943396227,25.892857142857146,4.716981132075471,0.08214842846704758
costruction_tools_tools,97,17934.170000000002,163.95824742268042,20.930103092783504,23.507642268041238,4.425531914893617,0.08247422680412371,97,0.061855670103092786,12.209896907216494,8.24742268041237,6.185567010309279,0.11319537813475988
furniture_bedroom,95,24846.28,212.2096842105263,49.33010526315789,22.815261052631577,4.136842105263158,0.15789473684210525,90,0.07777777777777772,13.661444444444443,15.789473684210526,7.777777777777772,0.15682264971515947
tablets_printing_image,78,8799.04,96.67064102564103,16.137564102564102,17.12517435897436,4.144736842105263,0.1282051282051282,78,0.0641025641025641,12.94974358974359,12.82051282051282,6.41025641025641,0.055537036842121926
small_appliances_home_oven_and_coffee,75,50193.57,632.6094666666667,36.638133333333336,12.282013333333333,4.293333333333333,0.10666666666666667,72,0.06944444444444442,9.9275,10.666666666666668,6.944444444444442,0.31680753199526596
cine_photo,64,8279.880000000001,109.6775,19.695625,21.5279171875,4.28125,0.125,62,0.08064516129032262,10.465645161290322,12.5,8.064516129032262,0.05226024664149139
dvds_blu_ray,58,7295.02,103.69637931034484,22.079827586206896,39.93629310344827,4.0701754385964914,0.1724137931034483,55,0.07272727272727275,12.996727272727272,17.24137931034483,7.272727272727275,0.04604409054897082
books_imported,53,5441.41,87.78018867924528,14.887924528301886,18.761735849056603,4.320754716981132,0.1320754716981132,50,0.040000000000000036,8.1798,13.20754716981132,4.0000000000000036,0.03434463164653082
party_supplies,38,5219.96,115.92842105263158,21.43894736842105,23.273736842105265,4.0,0.18421052631578946,37,0.027027027027026973,9.054054054054054,18.421052631578945,2.7027027027026973,0.032946902256882876
furniture_mattress_and_upholstery,38,5998.54,114.94947368421053,42.90684210526316,30.479986842105262,3.8157894736842106,0.21052631578947367,37,0.1351351351351351,14.432972972972973,21.052631578947366,13.513513513513509,0.03786107768335432
fashio_female_clothing,38,3337.65,72.0721052631579,15.76078947368421,21.164889473684212,3.736842105263158,0.21052631578947367,35,0.05714285714285716,12.639142857142858,21.052631578947366,5.714285714285716,0.02106629712060727
music,36,6620.02,165.45777777777778,18.431666666666665,24.298591666666667,4.388888888888889,0.05555555555555555,36,0.08333333333333337,11.79,5.555555555555555,8.333333333333337,0.041783682610328395
flowers,28,1567.24,38.090714285714284,17.882142857142856,35.06475,4.518518518518518,0.03571428571428571,28,0.0357142857142857,11.828214285714285,3.571428571428571,3.57142857142857,0.009891972944826612
diapers_and_hygiene,27,2141.27,58.05888888888889,21.247407407407408,26.335296296296296,3.740740740740741,0.18518518518518517,25,0.040000000000000036,10.485999999999999,18.51851851851852,4.0000000000000036,0.01351508697300278
fashion_sport,26,2715.11,81.71192307692309,22.715384615384615,21.19218846153846,4.3076923076923075,0.11538461538461539,25,0.07999999999999996,10.9088,11.538461538461538,7.9999999999999964,0.017137001775240666
arts_and_craftmanship,22,2204.07,82.91272727272727,17.27227272727273,22.92616818181818,4.318181818181818,0.09090909090909091,22,0.09090909090909094,5.784090909090909,9.090909090909092,9.090909090909093,0.013911462704183144
home_comfort_2,22,1131.4099999999999,33.385,18.042727272727273,45.304036363636364,3.9047619047619047,0.18181818181818182,22,0.18181818181818177,15.075909090909091,18.181818181818183,18.181818181818176,0.007141137993865825
[portateis_cozinha_e_preparadores_de_alimentos],14,4278.29,283.46642857142854,22.125714285714285,24.1156,3.4285714285714284,0.2857142857142857,13,0.07692307692307687,8.44153846153846,28.57142857142857,7.692307692307687,0.027003349155280777
la_cuisine,13,2579.41,166.69076923076923,31.725384615384616,17.544653846153846,4.25,0.15384615384615385,13,0.0,7.7446153846153845,15.384615384615385,0.0,0.01628050198668692
cds_dvds_musicals,12,954.99,60.833333333333336,18.749166666666667,22.14755,4.666666666666667,0.0,12,0.0,10.92,0.0,0.0,0.006027625151591311
[pc_gamer],8,1717.05,196.36875,18.2625,9.652225000000001,3.125,0.375,7,0.0,10.334285714285715,37.5,0.0,0.010837531038586644
fashion_childrens_clothes,7,675.23,79.97857142857143,16.482857142857146,18.330342857142856,4.428571428571429,0.14285714285714285,6,0.0,8.924999999999999,14.285714285714285,0.0,0.004261859633199301
security_and_services,2,324.51,141.64499999999998,20.61,12.8545,2.5,0.5,2,0.0,15.14,50.0,0.0,0.002048214785435341
