corridor,orders,gmv,mean_distance_km,late_orders,late_rate,severe_late_orders,severe_late_rate,low_reviews,low_review_rate,median_delay_days,median_duration_days,order_share_pct,dissatisfaction_share_pct
SP -> SP,30542,3963016.03,150.11720982662865,1883,6.165280597210399,959,3.1399384454194226,3280,10.739309802894375,-9.31,6.54,31.873017198196695,26.727509778357234
SP -> RJ,8065,1237250.34,440.78308654259257,1235,15.313081215127092,968,12.002479851208928,1625,20.148791072535648,-12.04,12.8,8.41647186508599,13.241525423728815
SP -> MG,7390,1089002.22,495.14643167060444,461,6.2381596752368065,284,3.8430311231393772,921,12.462787550744249,-12.555,10.78,7.712055434964101,7.504889178617992
SP -> RS,3582,522370.06,906.4866907778637,270,7.537688442211055,193,5.388051367950865,460,12.841987716359576,-14.3,13.89,3.7381031891801633,3.748370273794003
SP -> BA,2292,373746.79,1387.7929731427914,337,14.703315881326354,235,10.253054101221641,417,18.19371727748691,-11.45,17.61,2.3918851227249958,3.397979139504563
SP -> PR,3104,465351.17,463.04053486231044,164,5.283505154639175,92,2.9639175257731956,369,11.887886597938143,-13.1,11.09,3.239271998664218,3.006844850065189
SP -> SC,2305,353322.7,561.6964964758882,252,10.932754880694143,166,7.20173535791757,344,14.92407809110629,-11.36,13.83,2.405451661379195,2.803129074315515
PR -> SP,2908,516327.31,469.7255910970259,101,3.473177441540578,62,2.1320495185694637,287,9.869325997248968,-14.504999999999999,9.445,3.0347303389547506,2.338657105606258
MG -> SP,2534,373518.42,417.83856863014216,107,4.222573007103394,68,2.6835043409629047,246,9.707971586424625,-13.11,9.225000000000001,2.6444314576723995,2.0045632333767927
SP -> ES,1444,214645.7,784.6920687124979,200,13.850415512465375,136,9.418282548476455,209,14.473684210526317,-10.2,13.530000000000001,1.5069293705126063,1.7030638852672753
SP -> DF,1374,205172.07,807.6974662195504,114,8.296943231441048,64,4.657933042212519,203,14.77438136826783,-11.155000000000001,11.745000000000001,1.4338787777592252,1.6541720990873532
SP -> GO,1413,217658.51,747.1081546511236,127,8.987968860580326,77,5.449398443029016,199,14.08351026185421,-12.13,14.05,1.4745783937218233,1.6215775749674053
PR -> RJ,957,170394.87,843.8635763676664,130,13.584117032392895,92,9.61337513061651,192,20.06269592476489,-14.06,14.0,0.9987059609283687,1.564537157757497
RJ -> SP,1311,288280.44,401.65910776017984,118,9.000762776506484,82,6.254767353165523,175,13.348588863463004,-12.24,9.43,1.3681332442811822,1.4260104302477183
SP -> PE,1119,194823.89,2047.4090837824172,119,10.63449508489723,91,8.132260947274352,172,15.370866845397677,-14.18,15.9,1.1677659041576223,1.4015645371577574
SP -> CE,964,182775.49,2257.178755136071,146,15.145228215767634,108,11.20331950207469,162,16.804979253112034,-12.18,18.335,1.006011020203707,1.320078226857888
SC -> SP,1313,232022.31,512.1353779831902,57,4.341203351104341,39,2.9702970297029703,157,11.957349581111957,-14.2,10.29,1.370220404074136,1.2793350717079532
MG -> RJ,1130,177622.59,371.011374479966,104,9.20353982300885,75,6.637168141592921,151,13.362831858407079,-13.015,11.36,1.179245283018868,1.2304432855280312
MG -> MG,1519,205780.96,258.72400917441587,48,3.1599736668861094,29,1.9091507570770245,132,8.6899275839368,-11.97,7.27,1.585197862748372,1.0756192959582789
SP -> PA,674,134462.77,2319.7511182782046,86,12.759643916913946,71,10.534124629080118,122,18.100890207715135,-15.09,20.905,0.7033728502254133,0.9941329856584094
SP -> MA,488,87596.03,2177.9130181921346,101,20.69672131147541,74,15.163934426229508,109,22.33606557377049,-9.184999999999999,19.475,0.5092669894807146,0.8882007822685788
PR -> MG,817,160309.59,881.1020755267821,42,5.140758873929008,23,2.8151774785801713,96,11.75030599755202,-15.26,12.18,0.8526047754216063,0.7822685788787485
RJ -> RJ,943,193944.87,55.25105663808528,60,6.362672322375397,29,3.0752916224814424,93,9.862142099681867,-11.98,5.15,0.9840958423776923,0.7578226857887875
SC -> RJ,463,90366.32,785.5096371571371,46,9.935205183585314,35,7.559395248380129,83,17.92656587473002,-13.34,13.05,0.48317749206879285,0.6763363754889179
SP -> MT,645,114524.18,1344.342945854386,41,6.3565891472868215,26,4.0310077519379846,79,12.248062015503876,-14.34,15.63,0.6731090332275839,0.64374185136897
SP -> MS,476,84718.04,808.5767997845343,69,14.495798319327733,43,9.033613445378151,73,15.336134453781513,-11.13,14.03,0.4967440307229921,0.5948500651890483
SP -> AL,253,50389.1,1902.7692610626177,65,25.691699604743086,55,21.73913043478261,61,24.110671936758894,-8.27,22.95,0.2640257138086492,0.4970664928292047
SC -> MG,424,92651.82,948.2103692486537,21,4.952830188679245,11,2.5943396226415096,58,13.679245283018867,-15.405000000000001,13.09,0.4424778761061947,0.47262059973924386
PR -> RS,579,100329.35,628.5189246523606,30,5.181347150259067,19,3.281519861830743,58,10.01727115716753,-13.17,12.08,0.6042327600601102,0.47262059973924386
RJ -> MG,545,116614.06,378.9607740185858,37,6.7889908256880735,19,3.486238532110092,58,10.642201834862385,-13.03,10.13,0.5687510435798965,0.47262059973924386
PR -> PR,708,115321.27,218.28667368542472,31,4.378531073446328,12,1.694915254237288,56,7.909604519774012,-11.22,7.25,0.738854566705627,0.45632333767926986
SP -> PI,325,62609.37,2016.287825728887,59,18.153846153846153,44,13.538461538461538,55,16.923076923076923,-12.38,16.77,0.3391634663549842,0.4481747066492829
SP -> PB,333,81914.54,2163.4514827898624,36,10.81081081081081,26,7.807807807807808,53,15.915915915915916,-13.27,18.76,0.3475121055267991,0.431877444589309
RS -> SP,664,133419.86,860.7088379059246,15,2.2590361445783134,5,0.7530120481927711,49,7.379518072289157,-18.475,8.46,0.6929370512606445,0.39928292046936115
MG -> BA,364,55450.74,1048.1697923055744,37,10.164835164835164,30,8.241758241758241,48,13.186813186813188,-12.265,14.96,0.37986308231758226,0.3911342894393742
SP -> RN,329,67980.82,2259.999528025602,39,11.854103343465045,26,7.90273556231003,44,13.37386018237082,-13.28,17.83,0.34333778594089165,0.35853976531942633
SP -> SE,208,42677.33,1724.035070310628,34,16.346153846153847,29,13.942307692307693,41,19.71153846153846,-11.399999999999999,17.83,0.21706461846718986,0.33409387222946546
PR -> SC,389,68491.72,386.20948675129915,25,6.426735218508997,16,4.113110539845758,39,10.025706940874036,-12.43,11.48,0.4059525797295041,0.31779661016949157
RS -> RJ,236,55523.05,1120.0397991064074,20,8.47457627118644,12,5.084745762711865,36,15.254237288135593,-15.239999999999998,11.065000000000001,0.24628485556854232,0.29335071707953064
RJ -> PR,201,45235.14,824.6565390796974,17,8.45771144278607,14,6.965174129353234,35,17.412935323383085,-14.14,10.97,0.2097595591918517,0.28520208604954367
MG -> RS,277,46249.73,1250.136788429549,14,5.054151624548736,11,3.9711191335740073,33,11.913357400722022,-15.37,15.72,0.2890716313240942,0.2689048239895697
DF -> SP,307,41911.87,822.2518863948211,9,2.9315960912052117,5,1.6286644951140066,33,10.749185667752444,-12.41,9.34,0.32037902821840036,0.2689048239895697
SC -> RS,289,52315.49,420.0331944862805,17,5.88235294117647,7,2.422145328719723,31,10.726643598615917,-12.32,11.22,0.30159459008181666,0.2526075619295958
MG -> SC,250,42511.04,909.0376535871242,21,8.4,10,4.0,31,12.4,-12.495000000000001,15.149999999999999,0.2608949741192185,0.2526075619295958
MG -> PR,363,57509.340000000004,812.0584384861913,7,1.9283746556473829,4,1.1019283746556474,29,7.988980716253444,-14.32,11.8,0.37881950242110535,0.23631029986962193
PR -> BA,141,40408.83,1758.800131960489,23,16.312056737588655,19,13.47517730496454,27,19.148936170212767,-12.05,18.25,0.14714476540323929,0.22001303780964798
RJ -> RS,197,39490.72,1181.642058053064,19,9.644670050761421,15,7.614213197969544,27,13.705583756345177,-11.39,13.86,0.20558523960594421,0.22001303780964798
SP -> TO,197,44045.88,1479.6394834457913,25,12.690355329949238,18,9.137055837563452,27,13.705583756345177,-12.15,15.92,0.20558523960594421,0.22001303780964798
MA -> SP,122,15265.16,2331.663166655495,30,24.59016393442623,23,18.852459016393443,22,18.0327868852459,-9.695,13.395,0.12731674737017865,0.17926988265971316
SC -> SC,255,51214.01,147.05466713756005,16,6.2745098039215685,9,3.5294117647058822,22,8.627450980392156,-11.22,6.84,0.26611287360160296,0.17926988265971316
MG -> ES,167,24041.79,517.9814786697033,7,4.191616766467066,5,2.9940119760479043,22,13.17365269461078,-13.06,13.24,0.174277842711638,0.17926988265971316
SC -> PR,283,49637.79,329.4774647360779,9,3.180212014134275,4,1.4134275618374559,21,7.420494699646643,-13.21,9.72,0.2953331107029554,0.1711212516297262
PR -> DF,151,33229.47,1041.8928848524624,6,3.9735099337748347,3,1.9867549668874174,19,12.582781456953644,-13.34,11.93,0.15758056436800802,0.15482398956975227
MG -> GO,148,23869.01,633.6214853874064,4,2.7027027027027026,4,2.7027027027027026,18,12.162162162162163,-12.485,12.57,0.1544498246785774,0.14667535853976532
SP -> RO,168,34238.92,2191.7465581003516,5,2.976190476190476,3,1.7857142857142856,17,10.119047619047619,-19.77,18.015,0.17532142260811487,0.13852672750977837
DF -> MG,103,14430.49,602.1417469883945,1,0.9708737864077669,0,0.0,17,16.50485436893204,-15.99,8.22,0.10748872933711805,0.13852672750977837
MG -> DF,184,36079.35,603.9356193738412,6,3.260869565217391,5,2.717391304347826,15,8.152173913043478,-12.735,10.835,0.19201870095174486,0.12222946544980444
RJ -> BA,133,30246.760000000002,1187.4777032568736,14,10.526315789473683,13,9.774436090225564,15,11.278195488721805,-11.19,14.23,0.1387961262314243,0.12222946544980444
BA -> SP,136,77668.9,1421.0236859660463,7,5.147058823529411,4,2.941176470588235,14,10.294117647058822,-12.600000000000001,9.84,0.1419268659208549,0.11408083441981746
PR -> ES,107,19693.04,1191.301875271704,9,8.411214953271028,8,7.476635514018691,14,13.084112149532709,-13.1,15.51,0.11166304892302555,0.11408083441981746
RS -> RS,288,61056.55,146.69142466587525,15,5.208333333333334,8,2.7777777777777777,12,4.166666666666666,-10.865,5.93,0.3005510101853398,0.09778357235984356
MG -> PE,110,16415.4,1695.7863407106292,9,8.181818181818182,7,6.363636363636363,12,10.909090909090908,-15.245000000000001,14.295,0.11479378861245616,0.09778357235984356
RJ -> GO,108,21255.61,956.925612215665,7,6.481481481481481,4,3.7037037037037033,11,10.185185185185185,-14.215,13.395,0.11270662881950241,0.08963494132985658
RS -> PR,139,22015.920000000002,582.45157559155,6,4.316546762589928,4,2.877697841726619,11,7.913669064748201,-13.45,8.26,0.14505760561028552,0.08963494132985658
RS -> MG,186,49082.42,1294.9536884371466,5,2.6881720430107525,2,1.0752688172043012,10,5.376344086021505,-19.955,11.02,0.19410586074469863,0.08148631029986962
PE -> SP,104,26411.66,2098.397185794032,3,2.8846153846153846,1,0.9615384615384616,10,9.615384615384617,-12.24,10.165,0.10853230923359493,0.08148631029986962
RJ -> SC,111,25054.83,805.1710602534388,11,9.90990990990991,9,8.108108108108109,10,9.00900900900901,-14.18,12.07,0.11583736850893304,0.08148631029986962
GO -> SP,125,24864.33,763.718751600355,5,4.0,1,0.8,9,7.199999999999999,-13.08,10.09,0.13044748705960926,0.07333767926988266
RS -> SC,116,22755.11,352.125105229734,0,0.0,0,0.0,4,3.4482758620689653,-13.495000000000001,7.925000000000001,0.12105526799131741,0.03259452411994785
